
INSERT INTO user (id, email, email_verified, nickname, password, profile_image_url, role_type, user_id, created_date, modified_date) VALUES (0x3C6CF7F40F3046D093F1AC4DD9BE4758, 'test3@test.com', false, '닉네임3', '$2a$10$9N6ObHQrFF52FSiEJkhm1./6xPA4/8jo2eosXanWml.Now0kuAVkS', 'DEFAULT_IMAGE', 'ROLE_NOT_CERTIFIED', 'test3', '2022-02-21 14:58:43.143180', '2022-02-21 14:58:43.143180');
INSERT INTO user (id, email, email_verified, nickname, password, profile_image_url, role_type, user_id, created_date, modified_date) VALUES (0x87CB05024D444676B75A8469A631E4B2, 'test@test.com', false, '닉네임', '$2a$10$MC2Ec3JjO44fMnadcKOTReGEtRWg/vLi8MOi.kW.WqGbi71gXpNKi', 'DEFAULT_IMAGE', 'ROLE_NOT_CERTIFIED', 'test2', null, null);
INSERT INTO book (id, author, description, discount, image, isbn, link, price, pubdate, publisher, title, created_date, modified_date) VALUES (1, '존 카넬', '이론은 탄탄하게, 실습은 실무에 가깝게! &#x0D;스프링 부트 2와 스프링 클라우드 2로 구현하며 배우는 컨테이너 기반의 마이크로서비스 &#x0D;&#x0D;마이크로서비스에서는 배포가 중요한 이슈다. 스프링 클라우드를 사용하면 마이크로서비스의 빌드와 배포를 최소화할 수 있고, 이런 의미에서 스프링 부트와... ', '29700', 'https://bookthumb-phinf.pstatic.net/cover/143/712/14371209.jpg?type=m1&udate=20210509', '1160506817 9791160506815', 'http://book.naver.com/bookdb/book_detail.php?bid=14371209', '33000', '20181221', '길벗', '스프링 마이크로서비스 코딩 공작소 (Spring Microservices in Action)', null, null);
INSERT INTO book (id, author, description, discount, image, isbn, link, price, pubdate, publisher, title, created_date, modified_date) VALUES (2, '마크 그레고리', '전문가 수준 C++ 프로그래머와 그저 문법을 아는 C++ 프로그래머
그 차이를 만드는 C++17 최고의 실전 가이드!
원서 4번째 개정과 완전히 새로운 번역!C++는 마스터하기 어렵기로 악명 높지만 풍부한 기능 덕분에 게임이나 상용 소프트웨어 애플리케이션을 개발하는 대표 언어로 자리매김했다. 숙련된 C... ', '61200', 'https://bookthumb-phinf.pstatic.net/cover/153/426/15342656.jpg?type=m1&udate=20201028', '1162242086 9791162242087', 'http://book.naver.com/bookdb/book_detail.php?bid=15342656', '68000', '20190820', '한빛미디어', '전문가를 위한 C++ (C++17, 병렬 알고리즘, 파일시스템, 제네릭 람다)', null, null);
INSERT INTO book (id, author, description, discount, image, isbn, link, price, pubdate, publisher, title, created_date, modified_date) VALUES (3, '율리아나 코스미나|롭 해롭|크리스 샤이퍼|클라렌스 호', '스프링 개발자와 가장 오랜 시간을 함께한 스프링 중급서!

1판이 출간된 이후 5판까지 꾸준히 개정되며 스프링 중급서의 위치를 지켜왔다. 스프링 입문자가 아니라 실제로 현업에서 스프링을 개발하면서 알아야 하는 깊이 있는 정보를 체계적으로 정리하고 전달해왔다. 스프링의 기초와 핵심 개념부터... ', '54000', 'https://bookthumb-phinf.pstatic.net/cover/154/312/15431217.jpg?type=m1&udate=20191031', '1160508860 9791160508864', 'http://book.naver.com/bookdb/book_detail.php?bid=15431217', '60000', '20190917', '길벗', '전문가를 위한 스프링 5 (스프링을 깊이 있게, 철저하게!)', null, null);
INSERT INTO book (id, author, description, discount, image, isbn, link, price, pubdate, publisher, title, created_date, modified_date) VALUES (4, '최범균', 'DDD의 핵심 개념을 배우고 구현으로 익히기!이 책은 DDD(도메인 주도 설계)를 처음 접하는 개발자를 위한 책이다. DDD를 실제 업무에 적용할 수 있도록 기본적인 이론을 설명하고 이를 구현한 코드를 바탕으로 입문자가 헤매지 않고 DDD를 학습할 수 있도록 했다.

애그리거트, 엔티티, 리포지토리 등 DDD의 핵심... ', '', 'https://bookthumb-phinf.pstatic.net/cover/106/156/10615650.jpg?type=m1&udate=20180810', '8993827443 9788993827446', 'http://book.naver.com/bookdb/book_detail.php?bid=10615650', '25000', '20160527', '지앤선', 'DDD Start! (도메인 주도 설계 구현과 핵심 개념 익히기)', '2022-02-18 14:50:41.543202', '2022-02-18 14:50:41.543202');
INSERT INTO book (id, author, description, discount, image, isbn, link, price, pubdate, publisher, title, created_date, modified_date) VALUES (5, '톰 홈버그', '우리 모두는 낮은 개발 비용으로 유연하고 적응이 쉬운 소프트웨어 아키텍처를 구축하고자 한다. 그러나 불합리한 기한과 쉬워보이는 지름길은 이러한 아키텍처를 구축하는 것을 매우 어렵게 만든다.이 책에서는 전통적인 계층형 아키텍처(LAYERED ARCHITECTURE) 스타일과 이 스타일의 단점을 논하는... ', '16200', 'https://bookthumb-phinf.pstatic.net/cover/212/940/21294056.jpg?type=m1&udate=20211118', '1158392753 9791158392758', 'http://book.naver.com/bookdb/book_detail.php?bid=21294056', '18000', '20211126', '위키북스', '클린 아키텍처 (자바 코드로 구현하는 클린 웹 애플리케이션,만들면서 배우는)', '2022-02-18 15:02:41.363028', '2022-02-18 15:02:41.363028');
INSERT INTO book (id, author, description, discount, image, isbn, link, price, pubdate, publisher, title, created_date, modified_date) VALUES (6, '전영표', '문화매체의 총아라 할 출판 산업이 오늘의 정보사회를 맞이하면서 그 존립이 위태로워지고 있다. 금속활자에 의한 인쇄출판문화가 우리 사회에 등장한 이래 6백년이 넘게 이용해 온 역사가 갑자기 전자라는 새로운 정보매체에 그 자리를 물려줘야 할 전환적 시대를 맞이하고 있다.', '17390', 'https://bookthumb-phinf.pstatic.net/cover/015/178/01517825.jpg?type=m1&udate=20141122', '8955650981 9788955650983', 'http://book.naver.com/bookdb/book_detail.php?bid=1517825', '18500', '20050301', '청목출판사', '출판정보미디어론', '2022-02-19 14:54:26.092461', '2022-02-19 14:54:26.092461');
INSERT INTO book_storage (id, book_read_type, book_id, user_id, created_date, modified_date) VALUES (5, 'READ', 1, 0x87CB05024D444676B75A8469A631E4B2,'2022-02-18 14:51:55.569573', '2022-02-18 14:51:55.569573');
INSERT INTO book_storage (id, book_read_type, book_id, user_id, created_date, modified_date) VALUES (11, 'READ', 2, 0x87CB05024D444676B75A8469A631E4B2,'2022-02-18 14:51:55.569573', '2022-02-18 14:51:55.569573');
INSERT INTO book_storage (id, book_read_type, book_id, user_id, created_date, modified_date) VALUES (12, 'READ', 4, 0x3C6CF7F40F3046D093F1AC4DD9BE4758, '2022-02-18 14:51:55.569573', '2022-02-18 14:51:55.569573');
INSERT INTO book_storage (id, book_read_type, book_id, user_id, created_date, modified_date) VALUES (14, 'READ', 5, 0x87CB05024D444676B75A8469A631E4B2, '2022-02-18 15:02:41.388688', '2022-02-18 15:02:41.388688');
INSERT INTO book_storage (id, book_read_type, book_id, user_id, created_date, modified_date) VALUES (15, 'READ', 6, 0x87CB05024D444676B75A8469A631E4B2, '2022-02-19 14:54:26.137282', '2022-02-19 14:54:26.137282');
INSERT INTO book_storage (id, book_read_type, book_id, user_id, created_date, modified_date) VALUES (16, 'READ', 6, 0x3C6CF7F40F3046D093F1AC4DD9BE4758, '2022-02-21 14:59:01.639681', '2022-02-21 14:59:01.639681');
INSERT INTO book_post (id, created_date, modified_date, book_post_type, content, is_deleted, like_count, title, bookstorage_id, is_post_private, count) VALUES (1, '2022-02-21 14:37:01.822149', '2022-02-21 14:37:01.822149', 'FEED', 'dfsdf', false, 0, '테스트제목', 5, false, 0);
INSERT INTO book_post (id, created_date, modified_date, book_post_type, content, is_deleted, like_count, title, bookstorage_id, is_post_private, count) VALUES (2, '2022-02-21 14:37:01.822149', '2022-02-21 14:37:01.822149', 'FEED', 'dfsdf', false, 0, '테스트제목', 5, false, 0);
INSERT INTO book_post (id, created_date, modified_date, book_post_type, content, is_deleted, like_count, title, bookstorage_id, is_post_private, count) VALUES (3, '2022-02-21 14:37:01.822149', '2022-02-21 14:37:01.822149', 'FEED', 'dfsdf', false, 0, '테스트제목', 5, false, 0);
INSERT INTO book_post (id, created_date, modified_date, book_post_type, content, is_deleted, like_count, title, bookstorage_id, is_post_private, count) VALUES (4, '2022-02-21 14:37:01.822149', '2022-02-21 14:37:01.822149', 'FEED', 'dfsdf', false, 0, '테스트제목', 5, false, 0);
INSERT INTO book_post (id, created_date, modified_date, book_post_type, content, is_deleted, like_count, title, bookstorage_id, is_post_private, count) VALUES (5, '2022-02-21 13:55:15.055726', '2022-02-21 18:01:12.958487', 'FEED', '수정됨 내용 입니다.', false, 0, '수정됨 책의 제목입니다 이지롱222', 5, false, 14);
INSERT INTO book_post (id, created_date, modified_date, book_post_type, content, is_deleted, like_count, title, bookstorage_id, is_post_private, count) VALUES (6, '2022-02-21 13:56:40.930528', '2022-02-21 13:56:40.930528', 'FEED', '내용입니다내용입니다내용입니다내용입니다내용입니다내용입니다내용입니다내용입니다내용입니다내용입니다내용입니다내용입니다', false, 0, '제목입니다제목입니다제목입니다제목입니다제목입니다제목입니다', 11, false, 0);
INSERT INTO book_post (id, created_date, modified_date, book_post_type, content, is_deleted, like_count, title, bookstorage_id, is_post_private, count) VALUES (7, '2022-02-21 14:37:01.822149', '2022-02-21 14:37:01.822149', 'FEED', '내용 입니다.', false, 0, '책의 제목입니다', 11, false, 0);
INSERT INTO book_post (id, created_date, modified_date, book_post_type, content, is_deleted, like_count, title, bookstorage_id, is_post_private, count) VALUES (8, '2022-02-21 14:59:30.378451', '2022-02-21 14:59:30.378451', 'FEED', '내용 입니다.', false, 0, '책의 제목입니다', 16, false, 0);
INSERT INTO book_post (id, created_date, modified_date, book_post_type, content, is_deleted, like_count, title, bookstorage_id, is_post_private, count) VALUES (9, '2022-02-21 18:07:39.911840', '2022-02-21 18:07:39.911840', 'FEED', '내용 입니다.', false, 0, '책의 제목입니다', 15, false, 0);
INSERT INTO book_post (id, created_date, modified_date, book_post_type, content, is_deleted, like_count, title, bookstorage_id, is_post_private, count) VALUES (10, '2022-02-21 18:08:55.165256', '2022-02-21 18:08:55.165256', 'FEED', '내용 입니다.', false, 0, '책의 제목입니다', 15, false, 0);
